{
  "pages": [
    //pages数组中第一项表示应用启动页，参考：https://uniapp.dcloud.io/collocation/pages
    {
      "path": "pages/index/index",
      "style": {
        "navigationBarTitleText": "uni-app"
      }
    }
  ],
  "globalStyle": {
    "navigationBarTextStyle": "black",
    "navigationBarTitleText": "uni-app",
    "navigationBarBackgroundColor": "#F8F8F8",
    "backgroundColor": "#F8F8F8"
  },
  "easycom": {
    "autoscan": true,
    "custom": {
      "^nut-(.*)?-(.*)": "nutui-uniapp/components/$1$2/$1$2.vue",
      "^nut-(.*)": "nutui-uniapp/components/$1/$1.vue"
    }
  }
}
